PLAN,1784658422881,999,AF,V-F,,,,
BLOCK,1784658970249,999,,,0,video,Filter,A
BLOCK,1784659809511,999,,,1,video,NoFilter,B
BLOCK,1784659905893,999,,,2,passthrough,NoFilter,-
PLAN,1784678561273,1001,BF,V-N,,,,
BLOCK,1784681335550,1001,,,0,video,NoFilter,A
BLOCK,1784683505052,1001,,,1,video,Filter,B
BLOCK,1784684143747,1001,,,2,passthrough,Filter,-
BLOCK,1784684149454,1001,,,3,passthrough,NoFilter,-
PLAN,1784684215165,1002,AF,P-F,,,,
BLOCK,1784684231342,1002,,,0,passthrough,Filter,-
BLOCK,1784684258786,1002,,,1,passthrough,NoFilter,-
BLOCK,1784684789451,1002,,,2,video,NoFilter,B
BLOCK,1784684789453,1002,,,2,video,NoFilter,B
BLOCK,1784686183413,1002,,,3,video,Filter,A
BLOCK,1784686183416,1002,,,3,video,Filter,A
BLOCK,1784691530820,1003,,,0,video,Filter,B
BLOCK,1784728501337,1003,,,0,video,NoFilter,A
BLOCK,1784729095534,1003,,,0,video,Filter,A
PLAN,1784733071970,1,BF,V-N,,,,
BLOCK,1784733652559,1,,,0,video,NoFilter,A
BLOCK,1784734206967,1,,,1,video,Filter,B
BLOCK,1784734295889,1,,,2,passthrough,Filter,-
BLOCK,1784734442458,1,,,3,passthrough,NoFilter,-
PLAN,1784735790213,2,AF,P-F,,,,
BLOCK,1784736228110,2,,,0,passthrough,Filter,-
BLOCK,1784736628012,2,,,1,passthrough,NoFilter,-
BLOCK,1784737172930,2,,,2,video,NoFilter,B
BLOCK,1784738074060,2,,,3,video,Filter,A
PLAN,1784738420068,3,BF,P-N,,,,
BLOCK,1784738786234,3,,,0,passthrough,NoFilter,-
BLOCK,1784739496999,3,,,1,passthrough,Filter,-
BLOCK,1784740120328,3,,,2,video,Filter,B
BLOCK,1784740723942,3,,,3,video,NoFilter,A
PLAN,1784741509359,33,AF,V-N,,,,
BLOCK,1784742130267,33,,,0,video,NoFilter,B
BLOCK,1784742685125,33,,,1,video,Filter,A
BLOCK,1784743152534,33,,,2,passthrough,Filter,-
PLAN,1784745759416,4,AF,V-F,,,,
BLOCK,1784746610919,4,,,0,video,Filter,A
BLOCK,1784747334981,4,,,1,video,NoFilter,B
BLOCK,1784747776929,4,,,2,passthrough,NoFilter,-
BLOCK,1784747861943,4,,,3,passthrough,Filter,-
PLAN,1784813907136,6,BF,P-F,,,,
BLOCK,1784814552874,6,,,0,passthrough,Filter,-
BLOCK,1784823282977,66,,,0,video,NoFilter,A
BLOCK,1784824200856,66,,,0,video,Filter,B
PLAN,1784825626036,8,AF,P-N,,,,
BLOCK,1784825660321,8,,,0,passthrough,NoFilter,-
PLAN,1784825708323,9,BF,V-F,,,,
BLOCK,1784826284903,9,,,0,video,Filter,B
BLOCK,1784826852427,9,,,1,video,NoFilter,A
BLOCK,1784827278307,9,,,2,passthrough,NoFilter,-
PLAN,1784828585526,10,AF,P-F,,,,
BLOCK,1784829493661,10,,,0,passthrough,Filter,-
BLOCK,1784829847316,10,,,1,passthrough,NoFilter,-
BLOCK,1784830465117,10,,,2,video,NoFilter,B
BLOCK,1784831048849,10,,,3,video,Filter,A
PLAN,1785164664125,12,BF,V-F,,,,
BLOCK,1785165318089,12,,,0,video,Filter,B
PLAN,1785165604993,13,BF,V-N,,,,
BLOCK,1785166169771,13,,,0,video,NoFilter,A
BLOCK,1785167078149,13,,,1,video,Filter,B
BLOCK,1785168263831,13,,,2,passthrough,Filter,-
PLAN,1785168699610,14,AF,V-F,,,,
PLAN,1785169266877,15,BF,P-N,,,,
BLOCK,1785169828922,15,,,0,passthrough,NoFilter,-
BLOCK,1785170696540,15,,,1,passthrough,Filter,-
BLOCK,1785171302533,15,,,2,video,Filter,B
BLOCK,1785172428242,16,,,0,video,NoFilter,B
BLOCK,1785174226488,16,,,0,video,Filter,A
PLAN,1785174735726,17,AF,V-N,,,,
BLOCK,1785175372120,17,,,0,video,NoFilter,B
BLOCK,1785175993091,17,,,1,video,Filter,A
BLOCK,1785176693791,17,,,2,passthrough,Filter,-
PLAN,1785259913509,20,AF,P-N,,,,
BLOCK,1785260912783,20,,,0,passthrough,NoFilter,-
BLOCK,1785262126214,20,,,1,passthrough,Filter,-
BLOCK,1785262949420,20,,,2,video,Filter,A
BLOCK,1785263495517,20,,,3,video,NoFilter,B
PLAN,1785268020649,10007,BF,P-F,,,,
BLOCK,1785268463804,10007,,,0,passthrough,Filter,-
BLOCK,1785268476415,10007,,,1,passthrough,NoFilter,-
BLOCK,1785269024069,10007,,,2,video,NoFilter,A
PLAN,1786022496931,1007,BF,P-F,,,,
BLOCK,1786022574658,1007,,,0,passthrough,Filter,-
BLOCK,1786022590670,1007,,,1,passthrough,NoFilter,-
PLAN,1786027507438,25,BF,P-F,,,,
BLOCK,1786028086490,25,,,0,passthrough,Filter,-
BLOCK,1786028678181,25,,,1,passthrough,NoFilter,-
BLOCK,1786029302571,25,,,2,video,NoFilter,A
BLOCK,1786030084703,25,,,3,video,Filter,B
PLAN,1786031753594,26,AF,P-F,,,,
BLOCK,1786032286125,26,,,0,passthrough,Filter,-
BLOCK,1786032672333,26,,,1,passthrough,NoFilter,-
BLOCK,1786033251466,26,,,2,video,NoFilter,B
BLOCK,1786033846883,26,,,3,video,Filter,A
PLAN,1786034394787,27,BF,P-N,,,,
BLOCK,1786034878710,27,,,0,passthrough,NoFilter,-
BLOCK,1786035414295,27,,,1,passthrough,Filter,-
BLOCK,1786036007554,27,,,2,video,Filter,B
BLOCK,1786036558335,27,,,3,video,NoFilter,A
PLAN,1786113828963,30,AF,V-F,,,,
BLOCK,1786118974239,30,,,0,video,Filter,A
BLOCK,1786119535616,30,,,1,video,NoFilter,B
BLOCK,1786120031883,30,,,2,passthrough,NoFilter,-
BLOCK,1786120894190,30,,,3,passthrough,Filter,-
PLAN,1786123379654,41,BF,V-N,,,,
BLOCK,1786124429624,41,,,0,video,NoFilter,A
BLOCK,1786125183916,41,,,1,video,Filter,B
BLOCK,1786125870547,41,,,2,passthrough,Filter,-
PLAN,1786128689714,43,BF,V-F,,,,
BLOCK,1786129535003,43,,,0,video,Filter,B
BLOCK,1786130106365,43,,,1,video,NoFilter,A
BLOCK,1786130680342,43,,,2,passthrough,NoFilter,-
PLAN,1786456439174,51,AF,P-N,,,,
BLOCK,1786457106101,51,,,0,passthrough,NoFilter,-
BLOCK,1786459160675,51,,,1,passthrough,Filter,-
BLOCK,1786459879956,51,,,2,video,Filter,A
BLOCK,1786460511720,51,,,3,video,NoFilter,B
PLAN,1786462080911,84,AF,P-F,,,,
BLOCK,1786462800917,84,,,0,passthrough,Filter,-
BLOCK,1786463520917,84,,,1,passthrough,NoFilter,-
BLOCK,1786481142464,84,,,2,video,NoFilter,B
BLOCK,1786481814779,84,,,3,video,Filter,A
PLAN,1786485187808,85,BF,V-F,,,,
PLAN,1786485192808,86,BF,V-F,,,,
BLOCK,1786486525392,85,,,0,video,Filter,B
BLOCK,1786487104544,85,,,1,video,NoFilter,A
BLOCK,1786487199795,85,,,2,passthrough,NoFilter,-
BLOCK,1786487203170,85,,,3,passthrough,Filter,-
BLOCK,1786488155896,86,,,0,video,Filter,B
BLOCK,1786488726037,86,,,1,video,NoFilter,A
BLOCK,1786488777286,86,,,2,passthrough,NoFilter,-
BLOCK,1786488780420,86,,,3,passthrough,Filter,-
